ID,names,comp,phone,nationality
16620415-5581,Grace,Elit Aliquam Corporation,746-897-2121,Monaco
16371121-1775,Ali,Sapien Company,413-492-6540,Montenegro
16290802-7887,Ocean,Urna Justo Inc.,353-618-4129,Israel
16560220-0791,Kessie,Nec Metus Inc.,890-160-4321,Zimbabwe
16860212-5083,Jonah,Amet Lorem Associates,488-302-4092,Vanuatu
16360615-2878,Tanya,Mauris Eu Inc.,997-850-0568,Spain
16771219-3007,Willow,Tempus Non Consulting,316-529-3152,Japan
16950313-8076,Bianca,Non Ante Foundation,354-651-5678,Philippines
16340409-4918,Cora,Duis Volutpat Nunc Corp.,883-254-7966,Greece
16251017-0661,Jackson,Volutpat Nulla Facilisis LLC,596-852-6039,Niger
16190630-2144,Zachery,Ridiculus Mus LLP,971-429-0050,Equatorial Guinea
16511218-9401,Karly,Facilisis PC,716-318-4939,Benin
16241013-4437,Steel,Hendrerit Institute,336-524-2181,Croatia
16861008-0007,Micah,Metus In Nec Associates,696-925-6109,Bouvet Island
16790603-5782,September,Ipsum Non Incorporated,164-547-1653,Saint Kitts and Nevis
16910619-0565,Whoopi,Nisi Sem Corp.,318-773-2301,Saint Lucia
16721122-2190,Prescott,At Inc.,620-197-1392,Bolivia
16440104-7495,Marny,Nec Industries,307-140-2382,Samoa
16471020-5206,Odysseus,Nibh Phasellus Limited,270-903-2271,Saint Lucia
16511218-7397,Delilah,Nisl Institute,987-763-2364,Martinique
16621202-9117,Anika,Aliquam Ltd,325-937-2049,Ukraine
16110604-7234,Medge,Libero Consulting,832-329-4520,Slovenia
16591212-9086,Mollie,Non Foundation,304-473-8959,Botswana
16430726-3162,Ariel,Magna Corporation,627-447-3404,Cameroon
16600117-6756,Wanda,Arcu Institute,887-921-3641,Panama
16340613-4530,Asher,Taciti Sociosqu Ad Consulting,712-541-8401,Brazil
16390708-3749,Adena,Parturient Consulting,870-898-1845,Brazil
16360306-3813,Jonas,Auctor PC,988-210-6503,United Kingdom (Great Britain)
16470824-2245,Erasmus,Elit Company,158-574-6904,Pitcairn Islands
16650308-3492,Aaron,Fusce Aliquam Enim Industries,951-147-3430,Malta
16170617-6664,May,Convallis Ante Lectus Industries,121-277-6817,Turkey
16080211-5477,Joel,Lacinia Orci LLC,455-360-5099,Iraq
16790628-5965,Kiara,Posuere Vulputate Institute,316-171-1808,Vanuatu
16120916-3698,Alice,Lorem Tristique Aliquet PC,742-566-4246,Anguilla
16680614-9255,Tiger,Ornare In Company,607-287-0590,Sweden
16700318-7205,Joshua,Facilisis Suspendisse Company,643-504-4407,Palau
16340911-9231,Rebekah,Adipiscing Lobortis Risus Company,315-559-0675,Tokelau
16001008-8599,Hayfa,Metus Aliquam Inc.,255-646-6920,Macao
16070812-1421,Brock,Velit Quisque Varius Institute,236-862-6866,Georgia
16121023-0148,Ignacia,Nonummy Ltd,816-528-4673,Slovakia
16190805-8637,Raphael,Massa Vestibulum Institute,545-484-7095,Romania
16321005-2852,Aphrodite,Proin Industries,254-727-4376,Saint Kitts and Nevis
16180211-9956,Penelope,Aliquam Industries,257-935-9671,Algeria
16600623-9526,Marvin,Porta LLP,165-767-0430,Guinea
16651205-5705,Grant,Est Ac Mattis Institute,548-553-3095,Jamaica
16350527-8238,Bevis,Cras Pellentesque Sed Industries,418-922-0936,Chile
16770406-4679,Christian,Libero Proin Sed Limited,791-948-6609,Pitcairn Islands
16771108-7853,Kiara,Nunc Laoreet Corp.,339-215-7483,Yemen
16250618-7125,Xantha,Nulla Integer Urna PC,489-731-9082,Kenya
16801221-5615,Ann,Nascetur Inc.,905-815-0655,Norfolk Island
16781126-9351,Debra,Diam Foundation,612-439-4009,Cameroon
16300413-3959,Ursa,Pede Malesuada Incorporated,843-851-3575,El Salvador
16480417-8459,John,In Limited,554-229-6315,Gambia
16230424-8616,Jeremy,Mattis Semper Dui PC,181-492-5807,Trinidad and Tobago
16740412-5523,Marny,Enim Gravida Consulting,985-474-8295,Barbados
16780312-8078,Cullen,Cras Corp.,288-453-0288,Hong Kong
16300312-1112,Madison,Gravida Aliquam Incorporated,144-942-7649,Afghanistan
16790708-9507,Marah,Sed Corp.,440-164-3792,Bermuda
16870906-2932,Kalia,Netus Et Malesuada Ltd,463-838-8620,Germany
16140509-9506,Shellie,Malesuada Corp.,790-647-0764,Antarctica
16450522-0675,Kenyon,Imperdiet Erat Nonummy Foundation,336-294-6176,Niger
16840613-0057,Constance,Nec Ltd,925-843-6681,Norfolk Island
16900626-2357,Kenyon,Faucibus Lectus Associates,886-579-0571,Argentina
16850819-4142,Mia,In At Pede Ltd,339-111-2643,Ireland
16360909-8995,Sylvia,Velit Sed Company,384-486-4787,Holy See (Vatican City State)
16960529-4298,Fay,Libero Associates,908-889-3064,Ecuador
16941128-4657,Brady,Lacinia LLP,572-188-0095,Japan
16400519-3539,Rachel,Integer LLP,243-825-1616,Maldives
16040405-5501,Ezekiel,Ultricies Sem Magna Ltd,576-930-9062,Cocos (Keeling) Islands
16630608-0810,Damon,Ante Blandit Viverra Industries,366-573-1067,Malaysia
16060517-4952,Lee,Aliquam Erat Consulting,596-112-1180,El Salvador
16701101-2494,Tiger,Lobortis Company,121-513-8821,Uzbekistan
16860107-4340,Kennedy,Sociis Natoque Penatibus Corporation,216-429-6122,Montenegro
16240612-3089,Alexis,In Institute,466-678-9100,Tuvalu
16430220-4146,Lareina,Velit Sed Incorporated,628-997-1012,Haiti
16880729-0450,Samuel,Quisque Consulting,176-304-1147,Hungary
16190513-0868,Aimee,Lorem Eu Corporation,903-614-7743,Bulgaria
16460301-6934,Maya,Pellentesque Consulting,924-109-5981,South Africa
16330228-7291,Kameko,Commodo Hendrerit Industries,282-407-0001,Uzbekistan
16921025-2137,Shannon,Etiam LLC,503-875-8069,Sweden
16211220-2813,Jermaine,Massa Lobortis Industries,475-400-9531,Czech Republic
16960328-5751,Cassandra,Quis Pede Limited,339-572-7722,South Georgia and The South Sandwich Islands
16340215-4029,Maia,Cursus Integer Mollis Company,473-207-7099,Cuba
16970330-3256,Tatyana,Nulla Corporation,962-858-9926,South Georgia and The South Sandwich Islands
16160922-3910,Thaddeus,Interdum Nunc Sollicitudin Ltd,698-114-0228,Poland
16920723-4593,Kiona,Mollis Company,904-577-5908,United Kingdom (Great Britain)
16380405-5121,Beverly,Ullamcorper Magna Limited,289-931-8196,Kuwait
16750322-7733,Tarik,Auctor Mauris Vel Associates,439-635-3154,Saudi Arabia
16210320-7847,Kameko,Aliquet Metus LLP,289-147-7784,Trinidad and Tobago
16890112-9661,Leigh,Non Incorporated,222-700-4570,Belgium
16660910-4416,Autumn,Quis Tristique Ac LLC,809-292-8391,Uganda
16040304-8499,James,Eget Foundation,255-255-3556,Honduras
16340610-0432,Kimberly,Donec LLP,370-140-4527,Bhutan
16340821-5865,Zenia,Libero Morbi Company,835-229-4041,Western Sahara
16501208-2201,Vivien,Lobortis Augue Scelerisque Corporation,450-620-9064,Chile
16640725-2631,Arthur,Aenean Massa Integer Corporation,606-778-2075,Switzerland
16891107-1143,Remedios,Proin Velit Inc.,100-680-2078,Czech Republic
16730216-5282,Dai,Eleifend LLP,593-925-4419,Niger
16401220-1242,Jeremy,Mauris Ut Institute,995-986-1335,Netherlands
16340710-9333,Brittany,Ullamcorper Duis Cursus Inc.,434-318-5873,Guinea